Workbook

Sheet Sheet1
E1: Number | F1: Person | G1: Action | H1: Object | L1: 2 Digit Person | M1: 2 Digit Object
E2: - | F2: Magician | G2: Vanishing | H2: Wand
A3: 000-099 | B3: Real People | C3: 000-009 | D3: Family | E3: 0 | G3: Squeezing | H3: Void/Vacuum | I3: 0-9 | J3: Elements | L3: Zeus | M3: Sauce
E4: 1 | G4: Sitting | H4: Hydrogen | L4: Sid | M4: Seaweed
E5: 2 | G5: Snorting | H5: Helium | L5: Santa | M5: Sun
E6: 3 | G6: Swimming | H6: Lithium | L6: Sumo | M6: Seam
E7: 4 | G7: Searing | H7: Beryllium | L7: Seer | M7: Sword
E8: 5 | G8: Slapping | H8: Boron | L8: Saul | M8: Seal
E9: 6 | G9: Swishing | H9: Carbon | L9: Sasha | M9: Sushi
E10: 7 | G10: Sucking | H10: Nitrogen | L10: Zack | M10: Sock
E11: 8 | G11: Sieving | H11: Oxygen | L11: Sova | M11: Safe
E12: 9 | G12: Spitting | H12: Fluorine | L12: Superman | M12: Soap
C13: 010-019 | D13: Friends | E13: 10 | G13: Tazing | H13: Neon | I13: 10-19 | L13: Tas | M13: Daisy
E14: 11 | G14: Tattooing | H14: Sodium | L14: Dad | M14: Toad
E15: 12 | G15: Dancing | H15: Magnesium | L15: Tony | M15: Tin
E16: 13 | G16: Timing | H16: Aluminum | L16: Timmy | M16: Atom
E17: 14 | G17: Drawing | H17: Silicon | L17: Dora | M17: Door
E18: 15 | G18: Dueling | H18: Phosphorus | L18: Dali | M18: Towel
E19: 16 | G19: Dodging | H19: Sulfur | L19: Dwayne Johnson | M19: Tissue
E20: 17 | G20: Digging | H20: Chlorine | L20: Doc | M20: Taco
E21: 18 | G21: Diving | H21: Argon | L21: Tfue | M21: Dove
E22: 19 | G22: Tapping | H22: Potassium | L22: Dobby | M22: Tap
C23: 020-029 | D23: Friends 2 | E23: 20 | G23: Nosing | H23: Calcium | I23: 20-29 | L23: Nas | M23: News
E24: 21 | G24: Handing | H24: Scandium | L24: Knight | M24: Net
E25: 22 | G25: No-Noing | H25: Titanium | L25: Nun | M25: Onion
E26: 23 | G26: Enema-ing | H26: Vanadium | L26: Nami | M26: Gnome
E27: 24 | G27: Honoring | H27: Chromium | L27: Nurse | M27: Henry
E28: 25 | G28: Kneeling | H28: Manganese | L28: Nelson | M28: Nail
E29: 26 | G29: Noshing | H29: Iron | L29: Neji | M29: Nacho
E30: 27 | G30: Knocking | H30: Cobalt | L30: Nephew | M30: Ink
E31: 28 | G31: Knifing | H31: Nickel | L31: Nick Fury | M31: Knife
E32: 29 | G32: Napping | H32: Copper | L32: Napolean | M32: Knob
C33: 030-039 | D33: School Male | E33: 30 | G33: Missing | H33: Zinc | I33: 30-39 | L33: Messi | M33: Mist
E34: 31 | G34: Muddying | H34: Gallium | L34: Medusa | M34: Mud
E35: 32 | G35: Mining | H35: Germanium | L35: Minion | M35: Moon
E36: 33 | G36: Miming | H36: Arsenic | L36: Mummy | M36: Memo
E37: 34 | G37: Marrying | H37: Selenium | L37: Mario | M37: Hammer
E38: 35 | G38: Mailing | H38: Bromine | L38: Molly | M38: Mail
E39: 36 | G39: Mashing | H39: Krypton | L39: Michael Jackson | M39: Mash
E40: 37 | G40: Making | H40: Rubidium | L40: Mickey | M40: Mug
E41: 38 | G41: Moving | H41: Strontium | L41: Mathers | M41: Movie
E42: 39 | G42: Mopping | H42: Yttrium | L42: Moby | M42: Map
C43: 040-049 | D43: School Female | E43: 40 | G43: Rizzing | H43: Zirconium | I43: 40-49 | L43: Rose | M43: Rose
E44: 41 | G44: Riding | H44: Niobium | L44: Rudolph | M44: Rat
E45: 42 | G45: Running | H45: Molybdenum | L45: Ronaldo | M45: Rune
E46: 43 | G46: Ramming | H46: Technetium | L46: Ramatra | M46: Ram
E47: 44 | G47: Roaring | H47: Ruthenium | L47: Warrior | M47: Error
E48: 45 | G48: Rolling | H48: Rhodium | L48: Riley | M48: Rail
E49: 46 | G49: Raging | H49: Palladium | L49: Richie | M49: Roach
E50: 47 | G50: Raking | H50: Silver | L50: Rick | M50: Rock
E51: 48 | G51: Raving | H51: Cadmium | L51: Revenant | M51: Roof
E52: 49 | G52: Ripping | H52: Indium | L52: Reaper | M52: Rope
C53: 050-059 | D53: Jobs | E53: 50 | F53: Soldier | G53: Lusting | H53: Tin | I53: 50-59 | L53: Lucio | M53: Lice
E54: 51 | F54: Teacher | G54: Lighting | H54: Antimony | L54: Leonardo DiCaprio | M54: Light
E55: 52 | F55: Nun | G55: Leaning | H55: Tellurium | L55: Lennon | M55: Lion
E56: 53 | F56: Farmer | G56: Looming | H56: Iodine | L56: Lumberjack | M56: Lamb
E57: 54 | F57: Nurse | G57: Lowering | H57: Xenon | L57: Larry | M57: Lyre
E58: 55 | F58: Policeman | G58: Lying Low | H58: Cesium | L58: Lily | M58: Lilly
E59: 56 | F59: Astronaut | G59: Leashing | H59: Barium | L59: Leshy | M59: Leech
E60: 57 | F60: Lumberjack | G60: Licking | H60: Lanthanum | L60: Lucas | M60: Log
E61: 58 | F61: Firefighter | G61: Lifting | H61: Cerium | L61: Luffy | M61: Lava
E62: 59 | F62: Ballerina | G62: Leaping | H62: Praseodymium | L62: Leprechaun | M62: Lip
C63: 060-069 | D63: Music | E63: 60 | F63: Paul McCartney | G63: Chasing | H63: Neodymium | I63: 60-69 | L63: Jesse | M63: Cheese
E64: 61 | F64: Ringo Starr | G64: Shitting | H64: Promethium | L64: Jett | M64: Shit
E65: 62 | F65: John Lennon | G65: Shining | H65: Samarium | L65: Shaun | M65: Chain
E66: 63 | F66: George Harrison | G66: Jamming | H66: Europium | L66: James | M66: Jam
E67: 64 | F67: Freddie Mercurie | G67: Cheering | H67: Gadolinium | L67: Shrek | M67: Chair
E68: 65 | F68: Elvis Presley | G68: Chilling | H68: Terbium | L68: Shelly | M68: Shell
E69: 66 | F69: Michael Jackson | G69: Shushing | H69: Dysprosium | L69: Josh | M69: Shisha
E70: 67 | F70: Kurt Cobain | G70: Shaking | H70: Holmium | L70: Joker | M70: Hedgehog
E71: 68 | F71: Frank Sinatra | G71: Shaving | H71: Erbium | L71: Chef | M71: Shovel
E72: 69 | F72: Bob Marley | G72: Jabbing | H72: Thulium | L72: Joe Biden | M72: Ship
C73: 070-079 | D73: Sports | E73: 70 | F73: Serena Williams | G73: Kissing | H73: Ytterbium | I73: 70-79 | L73: Gus | M73: Goose
E74: 71 | F74: Mike Tyson | G74: Cutting | H74: Lutetium | L74: God | M74: Gout
E75: 72 | F75: Zlatan | G75: Coining | H75: Hafnium | L75: Kanye | M75: Gun
E76: 73 | F76: Messi | G76: Cumming | H76: Tantalum | L76: Kim | M76: Gum
E77: 74 | F77: Ronaldo | G77: Crying | H77: Tungsten | L77: Cory | M77: Car
E78: 75 | F78: Haaland | G78: Cooling | H78: Rhenium | L78: Gale | M78: Coal
E79: 76 | F79: Shaquille O'Neal | G79: Catching | H79: Osmium | L79: Cash | M79: Cage
E80: 77 | F80: Usain Bolt | G80: Kicking | H80: Iridium | L80: Kirk | M80: Cake
E81: 78 | F81: Foden | G81: Coughing | H81: Platinum | L81: Goofy | M81: Coffee
E82: 79 | F82: Lebron James | G82: Copying | H82: Gold | L82: Cop | M82: Cape
C83: 080-089 | D83: WWE | E83: 80 | F83: The Rock | G83: Phasing | H83: Mercury | I83: 80-89 | L83: Fazbear | M83: Vase
E84: 81 | F84: Dean Ambrose | G84: Voodooing | H84: Thallium | L84: Fade | M84: Feet
E85: 82 | F85: Randy Orton | G85: Fanning | H85: Lead | L85: Finn | M85: Fan
E86: 83 | F86: Rey Mysterio | G86: Fuming | H86: Bismuth | L86: Vampire | M86: Foam
E87: 84 | F87: Roman Reigns | G87: Firing | H87: Polonium | L87: Pharah | M87: Fire
E88: 85 | F88: Hulk Hogan | G88: Folding | H88: Astatine | L88: Felix | M88: Vile
E89: 86 | F89: John Cena | G89: Fishing | H89: Radon | L89: Fischer | M89: Fish
E90: 87 | F90: Kurt Angle | G90: Fucking | H90: Francium | L90: Viking | M90: Fag
E91: 88 | F91: Undertaker | G91: High-Fiving | H91: Radium | L91: Thief | M91: Five
E92: 89 | F92: Andre the Giant | G92: Fapping | H92: Actinium | L92: Viper | M92: Fab
C93: 090-099 | D93: Chess | E93: 90 | F93: Botez Sisters | G93: Pissing | H93: Thorium | I93: 90-99 | L93: Buzz | M93: Bus
E94: 91 | F94: Alex Banzea | G94: Biting | H94: Protactinium | L94: Batman | M94: Bat
E95: 92 | F95: Hans Niemann | G95: Bouncing | H95: Uranium | L95: Ben | M95: Bone
E96: 93 | F96: Magnus Carlsen | G96: Bombing | H96: Neptunium | L96: BMO | M96: Bomb
E97: 94 | F97: Eric Rosen | G97: Praying | H97: Plutonium | L97: Borat | M97: Bear
E98: 95 | F98: Anna Cramling | G98: Bowling | H98: Americium | L98: Paulie | M98: Pill
E99: 96 | F99: Fischer | G99: Pushing | H99: Curium | L99: Paige | M99: Bush
E100: 97 | F100: Hikaru | G100: Puking | H100: Berkelium | L100: Bugs | M100: Book
...

Sheet Sheet3
A1: =TEXT(Sheet1!E1, "000") -> Number | B1: =Sheet1!F1 -> Person | C1: =Sheet1!H1 -> Object
A2: =TEXT(Sheet1!E2, "000") -> - | B2: =Sheet1!F2 -> Magician | C2: =Sheet1!H2 -> Wand
A3: =TEXT(Sheet1!E3, "000") -> 000 | B3: =Sheet1!F3 | C3: =Sheet1!H3 -> Void/Vacuum
A4: =TEXT(Sheet1!E4, "000") -> 001 | B4: =Sheet1!F4 | C4: =Sheet1!H4 -> Hydrogen
A5: =TEXT(Sheet1!E5, "000") -> 002 | B5: =Sheet1!F5 | C5: =Sheet1!H5 -> Helium
A6: =TEXT(Sheet1!E6, "000") -> 003 | B6: =Sheet1!F6 | C6: =Sheet1!H6 -> Lithium
A7: =TEXT(Sheet1!E7, "000") -> 004 | B7: =Sheet1!F7 | C7: =Sheet1!H7 -> Beryllium
A8: =TEXT(Sheet1!E8, "000") -> 005 | B8: =Sheet1!F8 | C8: =Sheet1!H8 -> Boron
A9: =TEXT(Sheet1!E9, "000") -> 006 | B9: =Sheet1!F9 | C9: =Sheet1!H9 -> Carbon
A10: =TEXT(Sheet1!E10, "000") -> 007 | B10: =Sheet1!F10 | C10: =Sheet1!H10 -> Nitrogen
A11: =TEXT(Sheet1!E11, "000") -> 008 | B11: =Sheet1!F11 | C11: =Sheet1!H11 -> Oxygen
A12: =TEXT(Sheet1!E12, "000") -> 009 | B12: =Sheet1!F12 | C12: =Sheet1!H12 -> Fluorine
... A972: =TEXT(Sheet1!E972, "000") -> 969 | B972: =Sheet1!F972 | C972: =Sheet1!H972 -> Bone Cell
A973: =TEXT(Sheet1!E973, "000") -> 970 | B973: =Sheet1!F973 -> Snapchat Ghost | C973: =Sheet1!K973 -> Cell Membrane
A974: =TEXT(Sheet1!E974, "000") -> 971 | B974: =Sheet1!F974 -> Pringles Man | C974: =Sheet1!K974 -> Cytoplasma
A975: =TEXT(Sheet1!E975, "000") -> 972 | B975: =Sheet1!F975 -> Duolingo | C975: =Sheet1!K975 -> Nucleus
A976: =TEXT(Sheet1!E976, "000") -> 973 | B976: =Sheet1!F976 -> Wumpus | C976: =Sheet1!K976 -> Mitochondria
A977: =TEXT(Sheet1!E977, "000") -> 974 | B977: =Sheet1!F977 -> Reddit Alien | C977: =Sheet1!K977 -> Ribosome
A978: =TEXT(Sheet1!E978, "000") -> 975 | B978: =Sheet1!F978 -> Android | C978: =Sheet1!K978 -> Lysosome
A979: =TEXT(Sheet1!E979, "000") -> 976 | B979: =Sheet1!F979 -> Hatsune Miku | C979: =Sheet1!K979 -> Chromatine
A980: =TEXT(Sheet1!E980, "000") -> 977 | B980: =Sheet1!F980 -> Clippy | C980: =Sheet1!K980 -> Golgi Body
A981: =TEXT(Sheet1!E981, "000") -> 978 | B981: =Sheet1!F981 -> Github Octocat | C981: =Sheet1!K981 -> Vacuole
A982: =TEXT(Sheet1!E982, "000") -> 979 | B982: =Sheet1!F982 -> Bonzi Buddy | C982: =Sheet1!K982 -> Endoplasmatic Reticulum
A983: =TEXT(Sheet1!E983, "000") -> 980 | B983: =Sheet1!F983 | C983: =Sheet1!H983 -> Eyes
A984: =TEXT(Sheet1!E984, "000") -> 981 | B984: =Sheet1!F984 | C984: =Sheet1!H984 -> Tongue
A985: =TEXT(Sheet1!E985, "000") -> 982 | B985: =Sheet1!F985 | C985: =Sheet1!H985 -> Nose
A986: =TEXT(Sheet1!E986, "000") -> 983 | B986: =Sheet1!F986 | C986: =Sheet1!H986 -> Ears
A987: =TEXT(Sheet1!E987, "000") -> 984 | B987: =Sheet1!F987 | C987: =Sheet1!H987 -> Inner Ear
A988: =TEXT(Sheet1!E988, "000") -> 985 | B988: =Sheet1!F988 | C988: =Sheet1!H988 -> Nervous System
A989: =TEXT(Sheet1!E989, "000") -> 986 | B989: =Sheet1!F989 | C989: =Sheet1!H989 -> Nose Hairs
A990: =TEXT(Sheet1!E990, "000") -> 987 | B990: =Sheet1!F990 | C990: =Sheet1!H990 -> Skin
A991: =TEXT(Sheet1!E991, "000") -> 988 | B991: =Sheet1!F991 | C991: =Sheet1!H991 -> Finger
A992: =TEXT(Sheet1!E992, "000") -> 989 | B992: =Sheet1!F992 | C992: =Sheet1!H992 -> Tastebud
A993: =TEXT(Sheet1!E993, "000") -> 990 | B993: =Sheet1!F993 | C993: =Sheet1!H993 -> Fingernail
A994: =TEXT(Sheet1!E994, "000") -> 991 | B994: =Sheet1!F994 | C994: =Sheet1!H994 -> Toenail
... A1002: =TEXT(Sheet1!E1002, "000") -> 999 | B1002: =Sheet1!F1002 | C1002: =Sheet1!H1002 -> DNA
